{
  "name": "************valid map1**************",
  "continentCount": 4,
  "continents": [
    {
      "id": 1,
      "name": "continent1",
      "territoryCount": 3,
      "territorys": [
        {
          "id": 1,
          "name": "territory1",
          "continentId": 1,
          "continentName": "continent1",
          "nearTerritory": [],
          "nearTerritorySameContinent": [2]
        },
        {
          "id": 2,
          "name": "territory2",
          "continentId": 1,
          "continentName": "continent1",
          "nearTerritory": [],
          "nearTerritorySameContinent": [1,3]
        },
        {
          "id": 3,
          "name": "territory3",
          "continentId": 1,
          "continentName": "continent1",
          "nearTerritory": [4],
          "nearTerritorySameContinent": [2]

        }
      ],
      "reachableContinents": [2]
    },
    {
      "id": 2,
      "name": "continent2",
      "territoryCount": 4,
      "territorys": [
        {
          "id": 4,
          "name": "territory4",
          "continentId": 2,
          "continentName": "continent2",
          "nearTerritory": [ 3 ],
          "nearTerritorySameContinent": [ 5 ]
        },
        {
          "id": 5,
          "name": "territory5",
          "continentId": 2,
          "continentName": "continent2",
          "nearTerritory": [],
          "nearTerritorySameContinent": [ 4, 6 ]
        },
        {
          "id": 6,
          "name": "territory6",
          "continentId": 2,
          "continentName": "continent2",
          "nearTerritory": [],
          "nearTerritorySameContinent": [ 5, 7 ]

        },
        {
          "id": 7,
          "name": "territory7",
          "continentId": 2,
          "continentName": "continent2",
          "nearTerritory": [ 10 ],
          "nearTerritorySameContinent": [ 6 ]
        }
      ],
      "reachableContinents": [ 1, 3 ]
    },
    {
      "id": 3,
      "name": "continent3",
      "territoryCount": 3,
      "territorys": [
        {
          "id": 10,
          "name": "territory10",
          "continentId": 3,
          "continentName": "continent3",
          "nearTerritory": [7],
          "nearTerritorySameContinent": [ 9 ]
        },
        {
          "id": 9,
          "name": "territory9",
          "continentId": 3,
          "continentName": "continent3",
          "nearTerritory": [],
          "nearTerritorySameContinent": [ 8,10  ]
        },
        {
          "id": 8,
          "name": "territory8",
          "continentId": 3,
          "continentName": "continent3",
          "nearTerritory": [14],
          "nearTerritorySameContinent": [ 9 ]

        }
      ],
      "reachableContinents": [ 2, 4 ]
    },
    {
      "id":4 ,
      "name": "continent4",
      "territoryCount": 4,
      "territorys": [
        {
          "id": 14,
          "name": "territory14",
          "continentId": 4,
          "continentName": "continent4",
          "nearTerritory": [ 8 ],
          "nearTerritorySameContinent": [ 13 ]
        },
        {
          "id": 13,
          "name": "territory13",
          "continentId": 4,
          "continentName": "continent4",
          "nearTerritory": [],
          "nearTerritorySameContinent": [ 12, 14 ]
        },
        {
          "id": 12,
          "name": "territory12",
          "continentId": 4,
          "continentName": "continent4",
          "nearTerritory": [],
          "nearTerritorySameContinent": [ 11, 13 ]

        },
        {
          "id": 11,
          "name": "territory11",
          "continentId": 4,
          "continentName": "continent4",
          "nearTerritory": [  ],
          "nearTerritorySameContinent": [ 12 ]
        }
      ],
      "reachableContinents": [ 3 ]
    }
  ]
}
