{
    "name":"valid map",	
    "continentCount":1,
  "continents": [
    {
      "id": 1,
      "name": "continent1",
      "territoryCount":2,
      "territorys": [
        {
          "id": 1,
          "name": "territory1",
          "continentId": 1,
          "continentName": "continent1",
          "nearTerritory": [ 2 ],
          "nearTerritorySameContinent": []
        },
        {
          "id": 2,
          "name": "territory2",
          "continentId": 1,
          "continentName": "continent1",
          "nearTerritory": [ 1 ],
          "nearTerritorySameContinent": [ 1, 3 ]
        }
          
      ],
      "reachableContinents": []
    }
  ]
}