{
  "name": "** L Shape Map **",
  "continentCount": 4,
  "continents": [
    {
      "id": 1,
      "name": "continent1",
      "territoryCount": 5,
      "territorys": [
        {
          "id": 1,
          "name": "territory1",
          "continentId": 1,
          "continentName": "continent1",
          "nearTerritory": [],
          "nearTerritorySameContinent": [ 2 ]
        },
        {
          "id": 2,
          "name": "territory2",
          "continentId": 1,
          "continentName": "continent1",
          "nearTerritory": [],
          "nearTerritorySameContinent": [ 1, 3 ]
        },
        {
          "id": 3,
          "name": "territory3",
          "continentId": 1,
          "continentName": "continent1",
          "nearTerritory": [],
          "nearTerritorySameContinent": [ 2, 4 ]

        },
        {
          "id": 4,
          "name": "territory4",
          "continentId": 1,
          "continentName": "continent1",
          "nearTerritory": [],
          "nearTerritorySameContinent": [ 3, 5 ]

        },
        {
          "id": 5,
          "name": "territory5",
          "continentId": 1,
          "continentName": "continent1",
          "nearTerritory": [6],
          "nearTerritorySameContinent": [ 4 ]

        }

      ],
      "reachableContinents": [ 2 ]
    },
    {
      "id": 2,
      "name": "continent2",
      "territoryCount": 3,
      "territorys": [
        {
          "id": 6,
          "name": "territory6",
          "continentId": 2,
          "continentName": "continent2",
          "nearTerritory": [ 5 ],
          "nearTerritorySameContinent": [ 7 ]
        },
        {
          "id": 7,
          "name": "territory7",
          "continentId": 2,
          "continentName": "continent2",
          "nearTerritory": [],
          "nearTerritorySameContinent": [ 6, 8 ]
        },
        {
          "id": 8,
          "name": "territory8",
          "continentId": 2,
          "continentName": "continent2",
          "nearTerritory": [9],
          "nearTerritorySameContinent": [ 7 ]

        }
      ],
      "reachableContinents": [ 1, 3 ]
    },
    {
      "id": 3,
      "name": "continent3",
      "territoryCount": 4,
      "territorys": [
        {
          "id": 9,
          "name": "territory9",
          "continentId": 3,
          "continentName": "continent3",
          "nearTerritory": [ 8 ],
          "nearTerritorySameContinent": [ 10 ]
        },
        {
          "id": 10,
          "name": "territory10",
          "continentId": 3,
          "continentName": "continent3",
          "nearTerritory": [  ],
          "nearTerritorySameContinent": [ 9,11 ]
        },
        {
          "id": 11,
          "name": "territory11",
          "continentId": 3,
          "continentName": "continent3",
          "nearTerritory": [],
          "nearTerritorySameContinent": [ 10, 12 ]
        },
        {
          "id": 12,
          "name": "territory12",
          "continentId": 3,
          "continentName": "continent3",
          "nearTerritory": [ 16 ],
          "nearTerritorySameContinent": [ 11 ]

        }
      ],
      "reachableContinents": [ 2, 4 ]
    },
    {
      "id": 4,
      "name": "continent4",
      "territoryCount": 4,
      "territorys": [
        {
          "id": 16,
          "name": "territory16",
          "continentId": 4,
          "continentName": "continent4",
          "nearTerritory": [ 12 ],
          "nearTerritorySameContinent": [ 15 ]
        },
        {
          "id": 15,
          "name": "territory15",
          "continentId": 4,
          "continentName": "continent4",
          "nearTerritory": [],
          "nearTerritorySameContinent": [ 16, 14 ]
        },
        {
          "id": 14,
          "name": "territory14",
          "continentId": 4,
          "continentName": "continent4",
          "nearTerritory": [],
          "nearTerritorySameContinent": [ 15, 13 ]

        },
        {
          "id": 13,
          "name": "territory13",
          "continentId": 4,
          "continentName": "continent4",
          "nearTerritory": [],
          "nearTerritorySameContinent": [ 14 ]
        }
      ],
      "reachableContinents": [ 3 ]
    }
  ]
}
